element,regel_im_spiel,beleg,quelle,fundstelle
Tiere,Tiere liegen nur auf Koppeln.,Die geschützten Offenlandbiotope sollen durch naturschutzfachliche Beweidung mit Schafen gepflegt werden.,"Entwicklungs- und Pflegekonzept (EPK), SenUMVK 2022","S. 52, 74–76"
Tiere,"Tiere gehen verloren, wenn eine Koppel bebaut wird.",In der Tegeler Stadtheide wurden unter anderem 44 Reviere der Feldlerche (Rote Liste Berlin: gefährdet) sowie Neuntöter und Steinschmätzer erfasst; die Fläche ist Lebensraum der Zauneidechse.,"Entwicklungs- und Pflegekonzept (EPK), SenUMVK 2022",S. 38–39
Pflanzen,Pflanzen liegen auf Koppeln und Grünanlagen.,"Weite Teile der Fläche unterliegen als Biotope dem Schutz nach § 30 BNatSchG in Verbindung mit § 28 NatSchG Bln, vor allem Sandtrockenrasen und Trockene Sandheide.","Entwicklungs- und Pflegekonzept (EPK), SenUMVK 2022",S. 28–29
NSM,Der Naturschutzmarker liegt auf Koppeln.,"Die naturschutzfachlich besonders wertvollen Bereiche sollen als Naturschutzgebiet gesichert werden, die angrenzenden Flächen als Landschaftsschutzgebiet. Die Ausweisung erfolgt in einem eigenen Verfahren.","Entwicklungs- und Pflegekonzept (EPK), SenUMVK 2022",S. 104–105
Besucher,Koppeln haben keinen Zugang für Besucher; Grünanlagen und Erholungsflächen schon.,Die Fläche wird nach der Kampfmittelräumung schrittweise in drei Phasen geöffnet. Weidezäune sollen vor der Öffnung für Besuchende stehen.,"Entwicklungs- und Pflegekonzept (EPK), SenUMVK 2022",S. 72–73
Anwohner,Anwohner liegen auf Wohnbausteinen.,Im Schumacher Quartier sollen mehr als 5.000 Wohnungen für über 10.000 Menschen entstehen.,"entwicklungsstadt.de, 07.08.2026",Online-Artikel
Beschäftigte,Beschäftigte liegen auf Gewerbebausteinen.,Auf dem früheren Flughafengelände entsteht mit der Urban Tech Republic ein Forschungs- und Industriepark; geplant sind bis zu 20.000 Arbeitsplätze.,"Grün Berlin, Digital Greencare, 22.04.2026; entwicklungsstadt.de, 07.08.2026",Folie 3; Online-Artikel
DMS,Ein Denkmalschutzmarker kann nur verloren gehen.,Das Landesdenkmalamt hat den Flughafen Tegel mit den Bereichen Tegel Süd und Tegel Nord unter Denkmalschutz gestellt.,"Landesdenkmalamt Berlin, Newsletter Mai 2019",Online-Newsletter
VSM,"Bebauen kostet einen Versiegelungsmarker, der in der Verlust-Box bleibt.","Durch die Nachnutzung des Flughafens gehen 44,68 Hektar geschützte Trockenrasen und Trockene Sandheide verloren. Sie müssen durch Aufwertung an anderer Stelle ausgeglichen werden.","Entwicklungs- und Pflegekonzept (EPK), SenUMVK 2022","S. 111, 114"
ESM,"Entsiegeln kostet einen Entsiegelungsmarker, der in der Verlust-Box bleibt.","Entsiegelung ist eine eigene Maßnahme mit Kampfmittelräumung und anschließender Ansaat auf der Hälfte der Flächen, damit sich Trockene Sandheide entwickeln kann. Im Bestand sind rund 32,95 Hektar versiegelt.","Entwicklungs- und Pflegekonzept (EPK), SenUMVK 2022","S. 25, 88–89"
Aufwand bleibt,Kein Tausch ist folgenlos; der Aufwand bleibt sichtbar.,"Selbst nach dem vollständigen Aufwertungskonzept bleibt ein Defizit von 0,25 Hektar geschützter Biotope.","Entwicklungs- und Pflegekonzept (EPK), SenUMVK 2022",S. 114
Grünanlage,"Grünanlagen sind offen für Besucher, ohne Weidetiere.","Der Landschaftsraum soll ein neuer grüner, urbaner Freiraum für die Berliner*innen werden, der Freizeit und Forschung mit Naturschutz verbindet.","Grün Berlin, Landschaftsraum der Tegeler Stadtheide, 2026",Folie 2
