kennzahl,wert,einheit,quelle,fundstelle
Fläche Tegeler Stadtheide,186,ha,"Entwicklungs- und Pflegekonzept (EPK), SenUMVK 2022",S. 6
Fläche Landschaftsraum Tegel,1.860.000,m²,"Grün Berlin, Landschaftsraum der Tegeler Stadtheide, 2026",Folie 2
Projektzeitraum Landschaftsraum,2021–2035,,"Grün Berlin, Landschaftsraum der Tegeler Stadtheide, 2026",Folie 2
Gesamtkosten netto,48,Mio. €,"Grün Berlin, Landschaftsraum der Tegeler Stadtheide, 2026",Folie 2
Versiegelte Fläche im Bestand,"32,95",ha,"Entwicklungs- und Pflegekonzept (EPK), SenUMVK 2022",S. 25
Verlust geschützter Trockenrasen und Trockener Sandheide durch die Bebauungspläne,"44,68",ha,"Entwicklungs- und Pflegekonzept (EPK), SenUMVK 2022","S. 111, 114"
Aufwertungspotenzial im Landschaftsraum und Landschaftspark,"44,43",ha,"Entwicklungs- und Pflegekonzept (EPK), SenUMVK 2022",S. 114
Verbleibendes Defizit geschützter Biotope,"0,25",ha,"Entwicklungs- und Pflegekonzept (EPK), SenUMVK 2022",S. 114
Reviere der Feldlerche,44,Reviere,"Entwicklungs- und Pflegekonzept (EPK), SenUMVK 2022",S. 39
Geplante Wohnungen im Schumacher Quartier,mehr als 5.000,Wohnungen,"entwicklungsstadt.de, 07.08.2026",Online-Artikel
Künftige Bewohnerinnen und Bewohner im Schumacher Quartier,mehr als 10.000,Personen,"entwicklungsstadt.de, 07.08.2026",Online-Artikel
Geplante Arbeitsplätze auf dem Gelände Berlin TXL,bis zu 20.000,Arbeitsplätze,"entwicklungsstadt.de, 07.08.2026",Online-Artikel
Unterschutzstellung Flughafen Tegel als Denkmal,2019,Jahr der Meldung,"Landesdenkmalamt Berlin, Newsletter Mai 2019",Online-Newsletter
