feld,lage,startbaustein,kuerzel,boden,versiegelt,marker_start,denkmalschutz,gebiet,bebauungsplan,flaechennutzungsplan,geschuetzte_biotope,naturschutzgebiet_entwurf,versiegelung_bestand,bemerkung
1,"West, Mitte",Koppel,K,dunkelgrün,nein,Tiere; Pflanzen; NSM,nein,Tegeler Stadtheide,12-61,"Grünfläche „Feld, Flur, Wiese“",ja,ja,überwiegend unversiegelt,
2,"West, Nord",Koppel,K,dunkelgrün,nein,Tiere; Pflanzen; NSM,nein,Tegeler Stadtheide,12-61,"Grünfläche „Feld, Flur, Wiese“",ja,ja,überwiegend unversiegelt,
3,"West, Süd",Koppel,K,dunkelgrün,nein,Tiere; Pflanzen; NSM,nein,Tegeler Stadtheide,12-61,"Grünfläche „Feld, Flur, Wiese“",ja,ja,überwiegend unversiegelt,
4,Nordreihe,Koppel,K,dunkelgrün,nein,Tiere; Pflanzen; NSM,nein,Tegeler Stadtheide,12-61,"Grünfläche „Feld, Flur, Wiese“",ja,ja,überwiegend unversiegelt,
5,Mittelreihe,Grünanlage,GA,hellgrün,nein,Pflanzen; Besucher,nein,Landebahn und Nordfuge,12-51,–,außerhalb der EPK-Kartierung,nein,"Landebahn, teilweise versiegelt",
6,Nordreihe,Koppel,K,dunkelgrün,nein,Tiere; Pflanzen; NSM,nein,Tegeler Stadtheide,12-61,"Grünfläche „Feld, Flur, Wiese“",ja,ja,überwiegend unversiegelt,
7,Nordreihe,Koppel,K,dunkelgrün,nein,Tiere; Pflanzen; NSM,nein,Tegeler Stadtheide,12-61,"Grünfläche „Feld, Flur, Wiese“",ja,ja,überwiegend unversiegelt,
8,Mittelreihe,Grünanlage,GA,hellgrün,nein,Pflanzen; Besucher,nein,Landebahn und Nordfuge,12-51,–,außerhalb der EPK-Kartierung,nein,"Landebahn, teilweise versiegelt",
9,Südreihe,Gewerbe,Ge,weiß,ja,Beschäftigte,ja,Urban Tech Republic,12-50,Forschungs- und Industriepark Zukunftstechnologie,außerhalb der EPK-Kartierung,nein,überwiegend versiegelt,
11,Nordreihe,Koppel,K,dunkelgrün,nein,Tiere; Pflanzen; NSM,nein,Tegeler Stadtheide,12-61,"Grünfläche „Feld, Flur, Wiese“",ja,ja,überwiegend unversiegelt,
12,Mittelreihe,Grünanlage,GA,hellgrün,nein,Pflanzen; Besucher,nein,Landebahn und Nordfuge,12-51,–,außerhalb der EPK-Kartierung,nein,"Landebahn, teilweise versiegelt",
13,Südreihe,Gewerbe,Ge,weiß,ja,Beschäftigte,nein,Urban Tech Republic,12-50,Forschungs- und Industriepark Zukunftstechnologie,außerhalb der EPK-Kartierung,nein,überwiegend versiegelt,
14,Nordreihe,Erholung/Freizeit,Er,weiß,ja,Besucher,nein,Landschaftspark Tegeler Stadtheide,12-61,"Grünfläche „Feld, Flur, Wiese“",ja,nein,überwiegend unversiegelt,Im Foto des Ausgangsaufbaus noch mit Bank; inzwischen durch ein Fahrrad ersetzt
15,Mittelreihe,Grünanlage,GA,hellgrün,nein,Pflanzen; Besucher,nein,Landebahn und Nordfuge,12-51,–,außerhalb der EPK-Kartierung,nein,"Landebahn, teilweise versiegelt",
16,Südreihe,Gewerbe,Ge,weiß,ja,Beschäftigte,ja,Urban Tech Republic,12-50,Forschungs- und Industriepark Zukunftstechnologie,außerhalb der EPK-Kartierung,nein,überwiegend versiegelt,
17,Südrand,Gewerbe,Ge,weiß,ja,Beschäftigte,ja,Urban Tech Republic,12-50,Forschungs- und Industriepark Zukunftstechnologie,außerhalb der EPK-Kartierung,nein,überwiegend versiegelt,
18,"Nordreihe, Osten",Erholung/Freizeit,Er,weiß,ja,Besucher,nein,Landschaftspark Tegeler Stadtheide,12-61,"Grünfläche „Feld, Flur, Wiese“",ja,nein,überwiegend unversiegelt,
19,"Südreihe, Osten",Wohnen,W,weiß,ja,Anwohner,nein,Urban Tech Republic,12-50,Forschungs- und Industriepark Zukunftstechnologie,außerhalb der EPK-Kartierung,nein,überwiegend versiegelt,
20,"Mittelreihe, Osten",Erholung/Freizeit,Er,weiß,ja,Besucher,nein,Schumacher Quartier,12-62,–,außerhalb der EPK-Kartierung,nein,teilweise versiegelt,
21,Nordost,Wohnen,W,weiß,ja,Anwohner,nein,Schumacher Quartier,12-62,–,außerhalb der EPK-Kartierung,nein,teilweise versiegelt,
22,"Nordost, Rand",Wohnen,W,weiß,ja,Anwohner,nein,Schumacher Quartier,12-62,–,außerhalb der EPK-Kartierung,nein,teilweise versiegelt,
