zone_id,Hauptkategorie,Unterkategorie,Aktuelle Nutzung,Flächentyp,Zugang,Akteure,Schutzstatus,Beweidung,Datenquelle
1,Naturschutzgebiet und natürlicher Lebensraum,"Heide, Trockenrasen, Gehölzgruppen",Biotoperhalt & Artenschutz,Sandmagerrasen / Heide,Eingeschränkt,"Zauneidechse, Insekten, Grün Berlin",§ 30 BNatSchG,Ja,Kartenfolie / EPK
2,Naturschutzgebiet und natürlicher Lebensraum,"Heide, Trockenrasen, Gehölzgruppen",Biotopentwicklung,Trockene Sandheide,Eingeschränkt,"Brutvögel, Schäfer, Grün Berlin",§ 30 BNatSchG,Ja,Kartenfolie / EPK
3,Naturschutzgebiet und natürlicher Lebensraum,"Heide, Trockenrasen, Gehölzgruppen",Biotopentwicklung,Trockene Sandheide,Eingeschränkt,"Zauneidechse, Insekten, Grün Berlin",§ 30 BNatSchG,Ja,Kartenfolie / EPK
4,Naturschutzgebiet und natürlicher Lebensraum,"Heide, Trockenrasen, Gehölzgruppen",Biotoperhalt,Grasnelken-Rasen,Eingeschränkt,"Brutvögel, Naturschutzgutachter, Grün Berlin",§ 30 BNatSchG,Ja,Kartenfolie / EPK
5,Naturschutzgebiet und natürlicher Lebensraum,"Heide, Trockenrasen, Gehölzgruppen",Landschafts- & Biotopschutz,Sandmagerrasen,Eingeschränkt,"Insekten, Wildbienen, Schäfer",§ 30 BNatSchG,Ja,Kartenfolie / EPK
6,Naturschutzgebiet und natürlicher Lebensraum,"Heide, Trockenrasen, Gehölzgruppen",Habitatpflege & Artenschutz,Silbergras-Pionierflur,Eingeschränkt,"Brutvögel, Schäfer, Biologen",§ 30 BNatSchG,Ja,Kartenfolie / EPK
7,Naturschutzgebiet und natürlicher Lebensraum,"Heide, Trockenrasen, Gehölzgruppen",Habitatfokus & Artenschutz,Sandmagerrasen / Gehölzsaum,Eingeschränkt,"Zauneidechse, Insekten, Brutvögel, Grün Berlin",§ 30 BNatSchG,Ja,Kartenfolie / EPK
8,Flughafenbestand / Denkmalschutz,Rundbogenantenne / Denkmalschutz,Historischer Bestand & Landmarke,Technisches Bauwerk / Flugfeldbestand,Eingeschränkt,"Besucher:innen, Grün Berlin, Denkmalschutzbehörde",Denkmalschutz-Prüfung,Nein,Kartenfolie / Denkmalkarte
9,Naturschutzgebiet und natürlicher Lebensraum,"Heide, Trockenrasen, Gehölzgruppen",Biotoperhalt & Artenschutz,Silbergras-Pionierflur / Trockenrasen,Eingeschränkt,"Brutvögel, Insekten, Schäfer, Grün Berlin",§ 30 BNatSchG,Ja,Kartenfolie / EPK
10,Naturschutzgebiet und natürlicher Lebensraum,"Heide, Trockenrasen, Gehölzgruppen",Habitatfokus & Artenschutz,Sandmagerrasen / Insektenhabitat,Eingeschränkt,"Zauneidechse, Insekten, Brutvögel, Grün Berlin",§ 30 BNatSchG,Ja,Kartenfolie / EPK
11,Flughafenbestand / Denkmalschutz,"Befeuerungsanlage, Rundbogenantenne",Historischer Bestand & Landmarke,Technisches Bauwerk / Denkmalschutzfläche,Eingeschränkt,"Besucher:innen, Grün Berlin, Denkmalschutzbehörde",Denkmalschutz-Prüfung,Nein,Kartenfolie / Denkmalkarte
12,Flughafenbestand / Denkmalschutz,"Befeuerungsanlage, Rundbogenantenne",Historischer Bestand & Landmarke,Technisches Bauwerk / Denkmalschutzfläche,Eingeschränkt,"Besucher:innen, Grün Berlin, Denkmalschutzbehörde",Denkmalschutz-Prüfung,Nein,Kartenfolie / Denkmalkarte
13,Naturschutzgebiet und natürlicher Lebensraum,"Heide, Trockenrasen, Gehölzgruppen",Biotoperhalt & Artenschutz,Sandmagerrasen / Grasnelken-Rasen,Eingeschränkt,"Brutvögel, Insekten, Schäfer, Grün Berlin",§ 30 BNatSchG,Ja,Kartenfolie / EPK
14,Naturschutzgebiet und natürlicher Lebensraum,"Heide, Trockenrasen, Gehölzgruppen",Habitatfokus & Artenschutz,Sandmagerrasen / Saumstruktur,Eingeschränkt,"Insekten, Brutvögel, Zauneidechse, Grün Berlin",§ 30 BNatSchG,Ja,Kartenfolie / EPK
15,Naturschutzgebiet und natürlicher Lebensraum,"Heide, Trockenrasen, Gehölzgruppen (kein Denkmal)",Biotopkompensation,Sandmagerrasen / Kompensationsfläche,Eingeschränkt,"SenUVK, Grün Berlin, Naturschutzgutachter",A+E-Kompensation / § 30 BNatSchG,Ja,Kartenfolie / Kompensationskonzept
16,Freizeit / Erholung,Grün- und Parkfläche,Offenland & Extensivgrünland,Magerrasen / Wiese,Öffentlich,"Besucher:innen, Grün Berlin",Landschaftspark,Nein,Kartenfolie / Freiraumplanung
17,Freizeit / Erholung,"Parklandschaft, Wiesen, Aufenthaltsbereiche",Naherholung & Freizeit,Parkwiese / Offenland,Öffentlich,"Besucher:innen, Anwohner:innen, Grün Berlin",Landschaftspark,Nein,Kartenfolie / Freiraumplanung
18,Naturschutzgebiet und natürlicher Lebensraum,"Heide, Trockenrasen, Gehölzgruppen",Landschaftsschutz & Habitatpflege,Sandmagerrasen / Landschaftswiese,Eingeschränkt,"Insekten, Brutvögel, Grün Berlin, Schäfer",§ 30 BNatSchG / Landschaftspark,Ja,Kartenfolie / EPK
19,Freizeit / Erholung,Grün- und Parkfläche,Offenland & Extensivgrünland,Parkwiese / Magerrasen,Öffentlich,"Besucher:innen, Grün Berlin",Landschaftspark,Nein,Kartenfolie / Freiraumplanung
20,Freizeit / Erholung,"Parklandschaft, Wiesen, Aufenthaltsbereiche",Naherholung & Bewegung,Parkwiese / Vegetationsfläche,Öffentlich,"Besucher:innen, Sportreibende, Grün Berlin",Landschaftspark,Nein,Kartenfolie / Freiraumplanung
21,Freizeit / Erholung,"Parklandschaft, Wiesen, Aufenthaltsbereiche",Naherholung & Treffpunkt,Parkwiese / Baumhain,Öffentlich,"Anwohner:innen, Besucher:innen, Grün Berlin",Landschaftspark,Nein,Kartenfolie / Freiraumplanung
22,Wohnen / Quartier,Schumacher Quartier,Baufeld / Städtische Entwicklung,Urbanes Baufeld / Wohnbebauung,Öffentlich,"Anwohner:innen, Tegel Projekt GmbH, Bauherren",Bebauungsplan (B-Plan),Nein,Kartenfolie / Masterplan Schumacher Quartier
